termin,pojazd,kto,lotnisko_z,lotnisko_do
11.2007,TU,DT,EPWA,EYVI
11.2007,TU,DT,EYVI,EPWA
12.2007,TU,DT,EPWA,EPGD
12.2007,TU,DT,EPGD,EPWA
12.2007,TU,DT,EPWA,EPGD
12.2007,TU,DT,EPGD,EPKT
12.2007,TU,DT,EPWA,LIRF
12.2007,TU,DT,LIRF,EPGD
12.2007,TU,DT,EPGD,EPWA
12.2007,TU,DT,EPWA,EPGD
12.2007,TU,DT,EPGD,LKMT
12.2007,TU,DT,LKMT,EPWA
12.2007,TU,DT,EPWA,EDDT
12.2007,TU,DT,EDDT,EPWA
12.2007,TU,DT,EPWA,LFPG
12.2007,TU,DT,LFPG,LPPT
12.2007,TU,DT,LPPT,EBBR
12.2007,TU,DT,EBBR,EPGD
12.2007,TU,DT,EPGD,EPWA
12.2007,TU,DT,EPWA,EPWR
01.2008,TU,DT,EPWA,LKPR
01.2008,TU,DT,LKPR,EPWA
01.2008,TU,DT,EPWA,LZIB
01.2008,TU,DT,LZIB,EPWA
01.2008,TU,DT,EPWA,EPSZ
01.2008,TU,DT,EPSZ,EPWA
02.2008,TU,DT,EPWA,UUEE
02.2008,TU,DT,UUEE,EPGD
02.2008,TU,DT,EPGD,EPWA
02.2008,Śmigłowiec W-3,DT,EPGD,EPSE
02.2008,Śmigłowiec W-3,DT,EPSE,EPWA
02.2008,YK,DT,EPWA,EPGD
02.2008,YK,DT,EPGD,EPWA
02.2008,YK,DT,EPGD,EPWA
03.2008,YK,DT,EPWA,EPGD
03.2008,YK,DT,EPGD,EPWA
03.2008,TU,DT,EPWA,EPGD
03.2008,TU,DT,EPWA,LJLJ
03.2008,TU,DT,LJLJ,EPGD
03.2008,TU,DT,EPGD,EPWA
03.2008,TU,DT,EPWA,UKBB
03.2008,TU,DT,UKBB,EPGD
03.2008,TU,DT,EPGD,EPWA
03.2008,YK,DT,EPWA,EPGD
03.2008,YK,DT,EPGD,EPWA
04.2008,YK,DT,EPWA,EPGD
04.2008,TU,DT,EPWA,LLBG
04.2008,TU,DT,LLBG,EPWA
04.2008,YK,DT,EPWA,EPGD
04.2008,YK,DT,EPWA,EPGD
04.2008,YK,DT,EPWA,EPGD
05.2008,YK,DT,EPWA,EPGD
05.2008,YK,DT,EPWA,EPGD
05.2008,YK,DT,EPGD,EPWA
05.2008,TU,DT,EPWA,SPIM
05.2008,TU,DT,SPIM,SCEL
05.2008,TU,DT,SCEL,EPWA
05.2008,YK,DT,EPGD,EPWA
05.2008,YK,DT,EPWA,EPGD
05.2008,TU,DT,EPWA,LSGG
05.2008,TU,DT,LSGG,EPWA
06.2008,YK,DT,EPWA,EVRA
06.2008,YK,DT,EVRA,EPWA
06.2008,YK,DT,EPWA,EPGD
06.2008,TU,DT,EPWA,LKPR
06.2008,TU,DT,LKPR,EPGD
06.2008,TU,DT,EPGD,EPWA
06.2008,YK,DT,EPWA,EBBR
06.2008,YK,DT,EBBR,EPGD
06.2008,YK,DT,EPGD,EPWA
06.2008,YK,DT,EPWA,EPGD
07.2008,YK,DT,EPWA,EPGD
07.2008,YK,DT,EPWA,EPGD
07.2008,YK,DT,EPGD,EPWA
07.2008,YK,DT,EPWA,EPGD
07.2008,YK,DT,EPGD,EPWA
07.2008,YK,DT,EPWA,EPKK
07.2008,YK,DT,EPKK,EPNT
07.2008,YK,DT,EPNT,EPKK
07.2008,YK,DT,EPKK,EPWA
07.2008,Bell,DT,EPWA,EPLL
07.2008,Bell,DT,EPLL,EPWA
08.2008,YK,DT,EPGD,EPKK
08.2008,YK,DT,EPKK,EPGD
08.2008,Bell,DT,EPWA,LKMT
08.2008,Bell,DT,LKMT,EPWA
08.2008,YK,DT,EPWA,EPGD
08.2008,YK,DT,EPWA,EPGD
08.2008,YK,DT,EPWA,EPGD
08.2008,YK,DT,EPGD,EPKT
08.2008,YK,DT,EPKT,EPGD
08.2008,YK,DT,EPGD,EPWA
08.2008,YK,DT,EPWA,EPGD
08.2008,YK,DT,EPGD,EPSK
08.2008,YK,DT,EPSK,EPGD
09.2008,TU,DT,EPWA,EPGD
09.2008,TU,DT,EPGD,EBBR
09.2008,TU,DT,EBBR,EPWA
09.2008,YK,DT,EPWA,EPKK
09.2008,YK,DT,EPKK,EPWA
09.2008,YK,DT,EPWA,EDDG
09.2008,YK,DT,EDDG,EPGD
09.2008,YK,DT,EPGD,EPWA
09.2008,Bell,DT,EPGD,EPWA
09.2008,Bell,DT,EPWA,EPGD
09.2008,Bell,DT,EPGD,EPWA
09.2008,TU,DT,EPWA,ESSA
09.2008,TU,DT,ESSA,EPWA
09.2008,Bell,DT,EPWA,EPOP
09.2008,Bell,DT,EPOP,EPWA
09.2008,TU,DT,EPWA,EPGD
09.2008,TU,DT,EPGD,UKBB
09.2008,TU,DT,UKBB,EPWA
09.2008,TU,DT,EPWA,EPWR
10.2008,YK,DT,EPWA,EPGD
10.2008,TU,DT,EPWA,LEZL
10.2008,TU,DT,LEZL,EPWA
10.2008,YK,DT,LFPG,EDDT
10.2008,YK,DT,EDDT,EPWA
NA,TU,DT,EPWA,EBBR
NA,TU,DT,EBBR,EPWA
10.2008,YK,DT,EPWA,EPGD
10.2008,TU,DT,EPWA,ZSPD
10.2008,TU,DT,ZSPD,ZBAA
10.2008,TU,DT,ZBAA,EPGD
10.2008,TU,DT,EPGD,EPWA
10.2008,YK,DT,EPWA,EPGD
11.2008,TU,DT,EPWA,EBBR
11.2008,TU,DT,EBBR,EPWA
11.2008,YK,DT,EPWA,EPGD
11.2008,YK,DT,EPGD,EPWA
11.2008,TU,DT,EPWA,EDDF
11.2008,TU,DT,EDDF,EPWA
11.2008,YK,DT,EPWA,EPGD
11.2008,TU,DT,EPWA,EPGD
11.2008,TU,DT,EPGD,OKBK
11.2008,TU,DT,OKBK,OTBD
11.2008,TU,DT,OTBD,EPWA
11.2008,YK,DT,EPWA,EPGD
11.2008,TU,DT,EPWA,EGLL
11.2008,TU,DT,EGLL,EPWA
11.2008,YK,DT,EPGD,EPWA
11.2008,YK,DT,EPWA,EPPO
11.2008,YK,DT,EPPO,EPGD
11.2008,YK,DT,EPGD,EPWA
11.2008,YK,DT,EPWA,EPGD
12.2008,YK,DT,EPWA,EPGD
12.2008,YK,DT,EPGD,EPPO
12.2008,YK,DT,EPPO,EPWA
12.2008,YK,DT,EPWA,EPKK
12.2008,YK,DT,EPKT,EPWA
12.2008,TU,DT,EPWA,EBBR
12.2008,TU,DT,EBBR,EPWA
12.2008,YK,DT,EPWA,EPGD
12.2008,YK,DT,EPWA,EPKT
12.2008,YK,DT,EPKT,EPWA
12.2008,YK,DT,EPWA,EPGD
12.2008,Bell,DT,EPGD,EPSK
12.2008,Bell,DT,EPSK,EPGD
12.2008,YK,DT,EPWA,EPGD
12.2008,YK,DT,EPGD,EPPO
12.2008,YK,DT,EPPO,EPGD
12.2008,YK,DT,EPWA,EPGD
01.2009,YK,DT,EPWA,LIPX
01.2009,YK,DT,LIPX,LZIB
01.2009,YK,DT,LZIB,LIPX
01.2009,YK,DT,LIPX,EPWA
01.2009,YK,DT,EPWA,EPGD
01.2009,YK,DT,EPWA,EPGD
01.2009,TU,DT,EPWA,LSZH
01.2009,TU,DT,LSZH,EPWA
01.2009,YK,DT,EPWA,EPGD
02.2009,YK,DT,EPWA,EPGD
02.2009,TU,DT,EPWA,EDDM
02.2009,TU,DT,EDDM,EPGD
02.2009,TU,DT,EPGD,EPWA
02.2009,YK,DT,EPWA,EPGD
02.2009,YK,DT,EPGD,EPWA
02.2009,YK,DT,EPWA,EPGD
02.2009,YK,DT,EPGD,EPWA
02.2009,YK,DT,EPGD,EPWA
02.2009,TU,DT,EPWA,EPKK
02.2009,TU,DT,EPKK,EPWA
02.2009,YK,DT,EPWA,EPGD
02.2009,YK,DT,EPWA,EPGD
02.2009,YK,DT,EPGD,EDDH
02.2009,YK,DT,EDDH,EPGD
02.2009,YK,DT,EPGD,EPWA
03.2009,TU,DT,EPWA,EPGD
03.2009,TU,DT,EPGD,EBBR
03.2009,TU,DT,EBBR,EPGD
03.2009,TU,DT,EPGD,EPWA
03.2009,YK,DT,EPWA,EPGD
03.2009,YK,DT,EPWA,EPGD
03.2009,TU,DT,EPWA,EBBR
03.2009,TU,DT,EBBR,EPWA
03.2009,YK,DT,EPWA,EPRA
03.2009,YK,DT,EPRA,EPGD
03.2009,Bell,DT,EPGD,EPSY
03.2009,Bell,DT,EPSY,EPWA
04.2009,YK,DT,EPWA,EPGD
04.2009,YK,DT,EPGD,EPWA
04.2009,YK,DT,EPWA,EPWR
04.2009,YK,DT,EPWA,EPWR
04.2009,YK,DT,EPWR,LKPR
04.2009,YK,DT,LKPR,EPGD
04.2009,YK,DT,EPGD,EPWA
04.2009,YK,DT,EPGD,EPWA
04.2009,YK,DT,EPGD,EPWA
04.2009,YK,DT,EPWA,EPGD
04.2009,YK,DT,EPGD,EPWA
04.2009,YK,DT,EPWA,EPKT
04.2009,YK,DT,EPKT,EPWA
04.2009,YK,DT,EPWA,EETN
04.2009,YK,DT,EETN,EFHK
04.2009,YK,DT,EFHK,EPGD
04.2009,YK,DT,EPGD,EPWA
04.2009,YK,DT,EPWA,EPGD
04.2009,YK,DT,EPGD,EPWA
04.2009,YK,DT,EPWA,EPGD
05.2009,YK,DT,EPGD,EPWA
05.2009,TU,DT,EPWA,LKPR
05.2009,TU,DT,LKPR,EPWA
05.2009,YK,DT,EPWA,EPPO
05.2009,YK,DT,EPPO,EPGD
05.2009,YK,DT,EPGD,EPWA
05.2009,YK,DT,EPWA,EPGD
05.2009,Śmigłowiec W-3,DT,EPWA,EPKB
06.2009,Śmigłowiec W-3,DT,EPWA,LUZ
06.2009,Śmigłowiec W-3,DT,LUZ,EPWA
06.2009,Śmigłowiec W-3,DT,EPWA,EPST
06.2009,Śmigłowiec W-3,DT,EPST,EPWA
06.2009,YK,DT,EPWA,EPKK
06.2009,YK,DT,EPKK,EPWA
06.2009,TU,DT,EPWA,EPKK
06.2009,TU,DT,EPKK,EPGD
06.2009,YK,DT,EPWA,EPKT
06.2009,YK,DT,EPKT,EPGD
06.2009,YK,DT,EPGD,EPWA
06.2009,YK,DT,EPGD,EPWA
06.2009,TU,DT,EPWA,EBBR
06.2009,TU,DT,EBBR,EPGD
06.2009,TU,DT,EPGD,EPWA
06.2009,YK,DT,EPGD,EPRZ
06.2009,YK,DT,EPRZ,EPWA
06.2009,YK,DT,EPWA,EPGD
06.2009,YK,DT,EPGD,EPRZ
06.2009,YK,DT,EPRZ,EPWR
06.2009,YK,DT,EPWR,EPWA
07.2009,YK,DT,EPWA,EPGD
07.2009,TU,DT,EPWA,UKBB
07.2009,TU,DT,UKBB,EPWA
07.2009,TU,DT,EPWA,EPGD
07.2009,TU,DT,EPWA,EPGD
07.2009,TU,DT,EPGD,EDWO
07.2009,TU,DT,EDWO,EPGD
07.2009,TU,DT,EPGD,EPWA
07.2009,YK,DT,EPGD,EPWA
07.2009,YK,DT,EPWA,EPGD
07.2009,YK,DT,EPWA,EPGD
08.2009,YK,DT,EPWA,EPGD
08.2009,YK,DT,EPWA,EPKT
08.2009,YK,DT,EPKT,EPWA
08.2009,YK,DT,EPWA,EPGD
08.2009,YK,DT,EPWA,EPGD
08.2009,YK,DT,EPWA,EPGD
08.2009,YK,DT,EPGD,EPWA
08.2009,YK,DT,EPWA,EPGD
09.2009,YK,DT,EPGD,EPWA
09.2009,YK,DT,EPWA,EPGD
09.2009,YK,DT,EPGD,EPWA
09.2009,YK,DT,EPWA,EPWR
09.2009,YK,DT,EPWR,EPWA
09.2009,YK,DT,EPWA,EPKK
09.2009,YK,DT,EPKK,EPWA
09.2009,YK,DT,EPWA,EPGD
09.2009,YK,DT,EPGD,EPWA
09.2009,YK,DT,EPWA,EBBR
09.2009,YK,DT,EHEH,EPGD
09.2009,YK,DT,EPGD,EPWA
09.2009,YK,DT,EPGD,EPWA
10.2009,TU,DT,EPWA,EDDT
10.2009,TU,DT,EDDT,EPGD
10.2009,TU,DT,EPGD,EPWA
10.2009,YK,DT,EPGD,EPWA
10.2009,YK,DT,EPWA,EPGD
10.2009,YK,DT,EPGD,EPWA
10.2009,TU,DT,EPWA,EPGD
10.2009,TU,DT,EPWA,EPGD
10.2009,TU,DT,EPGD,EBBR
10.2009,TU,DT,EBBR,EPWA
10.2009,TU,DT,EPWA,LMML
10.2009,TU,DT,LMML,LGAV
10.2009,TU,DT,LGAV,EPWA
10.2009,TU,DT,EPWA,EBBR
10.2009,TU,DT,EBBR,EPWA
10.2009,TU,DT,EPWA,EPGD
11.2009,TU,DT,EPWA,LFPG
11.2009,TU,DT,LFPG,EPWA
11.2009,YK,DT,EPWA,EPGD
11.2009,TU,DT,EPWA,EPGD
11.2009,TU,DT,EPGD,EDDT
11.2009,TU,DT,EDDT,EPWA
11.2009,YK,DT,EPWA,EPGD
11.2009,TU,DT,EPWA,EBBR
11.2009,TU,DT,EBBR,EPWA
11.2009,YK,DT,EPWA,EPGD
11.2009,YK,DT,EPWA,EPGD
11.2009,Śmigłowiec W-3,DT,EPWA,EPGD
11.2009,YK,DT,EPGD,EPWA
12.2009,YK,DT,EPWA,EPKK
12.2009,YK,DT,EPKK,EPGD
12.2009,YK,DT,EPGD,EPWA
12.2009,YK,DT,EPGD,EPWA
12.2009,YK,DT,EPWA,EDDK
12.2009,YK,DT,EDDK,EBBR
12.2009,YK,DT,EBBR,EPGD
12.2009,YK,DT,EPGD,EPWA
12.2009,YK,DT,EPGD,EPWA
12.2009,TU,DT,EPWA,EKCH
12.2009,TU,DT,EKCH,EPWA
12.2009,YK,DT,EPWA,EPGD
12.2009,YK,DT,EPWA,EPGD
12.2009,YK,DT,EPWA,EPGD
01.2010,YK,DT,EPWA,EPGD
01.2010,Bell,DT,EPWA,PL-0058
01.2010,Bell,DT,PL-0058,EPGD
01.2010,YK,DT,EPGD,EPWA
01.2010,YK,DT,EPWA,EPKK
01.2010,YK,DT,EPKK,EPWA
01.2010,Bell,DT,EPWA,EPKK
01.2010,YK,DT,EPWA,EPGD
02.2010,YK,DT,EPWA,EPGD
02.2010,YK,DT,EPGD,EPWA
02.2010,YK,DT,EPWA,EPGD
02.2010,YK,DT,EPGD,EPWA
02.2010,TU,DT,EPWA,EBBR
02.2010,TU,DT,EBBR,EPWA
02.2010,YK,DT,EPWA,EPGD
02.2010,YK,DT,EPGD,EPWA
02.2010,YK,DT,EPWA,EPGD
02.2010,TU,DT,EPWA,LHBP
02.2010,TU,DT,LHBP,EPWA
02.2010,YK,DT,EPWA,EPGD
03.2010,YK,DT,EPWA,EPGD
03.2010,YK,DT,EPOK,EPWA
03.2010,TU,DT,EPWA,UBBB
03.2010,TU,DT,UBBB,UGTB
03.2010,TU,DT,UGTB,UDYZ
03.2010,TU,DT,UDYZ,EPGD
03.2010,TU,DT,EPGD,EPWA
03.2010,YK,DT,EPGD,EPWA
03.2010,YK,DT,EPWA,EPGD
03.2010,TU,DT,EPWA,EBBR
03.2010,TU,DT,EBBR,EPWA
03.2010,YK,DT,EPWA,EPGD
04.2010,TU,DT,EPWA,RU-4069
04.2010,TU,DT,RU-4069,EPWA
04.2010,TU,DT,EPWA,LKPR
04.2010,TU,DT,LKPR,EPWA
04.2010,Bell,DT,EPWA,EPSY
04.2010,Bell,DT,EPSY,EPWA
04.2010,YK,DT,EPWA,EPGD
04.2010,YK,DT,EPWA,EPGD
04.2010,Śmigłowiec W-3,DT,EPWA,PL-0055
04.2010,Śmigłowiec W-3,DT,PL-0055,EPWA
04.2010,MI8,DT,EPWA,EPGD
04.2010,MI8,DT,EPGD,PL-0002
04.2010,MI8,DT,PL-0002,EPGD
04.2010,YK,DT,EPWA,EPGD
04.2010,YK,DT,EPWA,EPGD
04.2010,YK,DT,EPGD,EPWA
05.2010,YK,DT,EPWA,EPGD
05.2010,YK,DT,EPGD,EPWA
05.2010,YK,DT,EPWA,EPGD
05.2010,YK,DT,EPWA,EPGD
05.2010,YK,DT,EPGD,EPWA
05.2010,YK,DT,EPWA,EPKK
05.2010,YK,DT,EPKK,EPWA
05.2010,YK,DT,EPGD,EPWA
05.2010,YK,DT,EPWA,EPKK
05.2010,YK,DT,EPKK,EPWA
05.2010,YK,DT,EPWA,EPGD
05.2010,YK,DT,EPGD,EPWA
06.2010,YK,DT,EPWA,EPGD
06.2010,YK,DT,EPGD,EPWA
06.2010,YK,DT,EPWA,EPGD
06.2010,YK,DT,EPGD,EPWA
06.2010,YK,DT,EPWA,EPGD
06.2010,YK,DT,EPGD,EPWA
06.2010,EMB,DT,EPWA,EBBR
06.2010,EMB,DT,EBBR,EPWA
06.2010,YK,DT,EPWA,EPGD
06.2010,YK,DT,EPGD,EPWA
06.2010,EMB,DT,EPWA,EBBR
06.2010,EMB,DT,EBBR,EPWA
06.2010,EMB,DT,EPWA,EPKT
06.2010,EMB,DT,EPKT,EPGD
06.2010,YK,DT,EPGD,EPWA
06.2010,YK,DT,EPWA,EPKT
06.2010,YK,DT,EPKT,EPWA
06.2010,YK,DT,EPWA,EPGD
07.2010,YK,DT,EPGD,EPWA
07.2010,EMB,DT,EPWA,LDDU
07.2010,EMB,DT,LDDU,EPGD
07.2010,EMB,DT,EPGD,EPWA
07.2010,YK,DT,EPWA,EPGD
07.2010,EMB,DT,EPWA,LHBP
07.2010,EMB,DT,LHBP,EPWA
07.2010,EMB,DT,EPWA,LKPR
07.2010,EMB,DT,LKPR,EPWA
07.2010,EMB,DT,EPWA,EPGD
07.2010,YK,DT,EPWA,EPGD
08.2010,YK,DT,EPWA,EPGD
08.2010,YK,DT,EPWA,EPGD
08.2010,YK,DT,EPWA,EPKK
08.2010,YK,DT,EPKK,EPWA
08.2010,YK,DT,EPWA,EPGD
08.2010,YK,DT,EPWA,EPGD
08.2010,YK,DT,EPGD,EPWA
09.2010,YK,DT,EPGD,EPWA
09.2010,YK,DT,EPWA,EPGD
09.2010,YK,DT,EPMI,EPWA
09.2010,EMB,DT,EPWA,EBBR
09.2010,EMB,DT,EBBR,EPWA
09.2010,EMB,DT,EDDT,EPGD
09.2010,EMB,DT,EPGD,EPWA
09.2010,YK,DT,EPGD,EPWA
09.2010,YK,DT,EPWA,EPGD
10.2010,EMB,DT,EPWA,EPSC
10.2010,EMB,DT,EPSC,EPGD
10.2010,EMB,DT,EPGD,EPWA
10.2010,EMB,DT,EPWA,EPSZ
10.2010,Śmigłowiec W-3,DT,EPSZ,EDAH
10.2010,Śmigłowiec W-3,DT,EDAH,EPSZ
10.2010,EMB,DT,EPWA,EBBR
10.2010,EMB,DT,EBBR,EPWA
10.2010,YK,DT,EPWA,EPGD
10.2010,YK,DT,EPGD,EPWA
10.2010,YK,DT,EPWA,EPGD
10.2010,EMB,DT,EPWA,LBWN
10.2010,EMB,DT,LBWN,EPWA
10.2010,Bell,DT,EPWA,EPGD
10.2010,Bell,DT,EPGD,EPWA
10.2010,EMB,DT,EPWA,EBBR
10.2010,EMB,DT,EBBR,EPGD
10.2010,EMB,DT,EPGD,EPWA
10.2010,EMB,DT,EPWA,EBBR
10.2010,EMB,DT,EBBR,EPWA
11.2010,Śmigłowiec W-3,DT,EPWA,PL-0122
11.2010,Śmigłowiec W-3,DT,PL-0122,EPKW
11.2010,Śmigłowiec W-3,DT,EPKW,EPWA
11.2010,EMB,DT,EPWA,EPGD
11.2010,EMB,DT,EPGD,EPWA
11.2010,Bell,DT,EPWA,EPOM
11.2010,Bell,DT,EPOM,EPKB
11.2010,Bell,DT,EPKB,EPWA
11.2010,EMB,DT,EPWA,EPRZ
11.2010,EMB,DT,EPRZ,EPWA
11.2010,EMB,DT,EPWA,EPRZ
11.2010,Śmigłowiec W-3,DT,EPRZ,EPLS
11.2010,Śmigłowiec W-3,DT,EPLS,EPRZ
11.2010,EMB,DT,EPWA,EPGD
11.2010,EMB,DT,EPWA,EPWR
11.2010,EMB,DT,EPWR,EPWA
11.2010,YK,DT,EPWA,EPKK
11.2010,YK,DT,EPKK,EPWA
11.2010,EMB,DT,EPKT,EPWA
11.2010,EMB,DT,EPWA,EPGD
11.2010,EMB,DT,EPGD,EPWA
11.2010,YK,DT,EPWA,EPLL
11.2010,YK,DT,EPLL,EPBY
11.2010,YK,DT,EPBY,EPGD
11.2010,YK,DT,EPGD,EPKK
11.2010,YK,DT,EPKK,EPGD
11.2010,YK,DT,EPGD,EPSZ
11.2010,YK,DT,EPSZ,EPGD
12.2010,EMB,DT,EPWA,EPGD
12.2010,EMB,DT,EPGD,EPWA
12.2010,EMB,DT,EPWA,EDDT
12.2010,EMB,DT,EDDT,EPWA
12.2010,EMB,DT,EPWA,LTAC
12.2010,EMB,DT,LTAC,LTBA
12.2010,EMB,DT,LTBA,EPWA
12.2010,EMB,DT,EPWA,EPGD
12.2010,EMB,DT,EPWA,EBBR
12.2010,EMB,DT,EBBR,EPWA
12.2010,EMB,DT,EPWA,EPGD
12.2010,YK,DT,EPGD,EPWA
12.2010,EMB,DT,EPWA,EPGD
11.2010,YK,DT,EPGD,EPWA
12.2010,EMB,DT,EPWA,EPGD
01.2011,EMB,DT,EPWA,EPGD
01.2011,EMB,DT,EPGD,EPWA
01.2011,EMB,DT,EPWA,EPGD
01.2011,EMB,DT,EPWA,LIPX
01.2011,EMB,DT,LIPX,EPWA
01.2011,EMB,DT,EPGD,EPWA
01.2011,EMB,DT,EPWA,EPGD
01.2011,EMB,DT,EPWA,EPGD
01.2011,EMB,DT,EPGD,EBBR
01.2011,EMB,DT,EBBR,EPWA
01.2011,EMB,DT,EPGD,EPWA
01.2011,EMB,DT,EPWA,EPGD
02.2011,EMB,DT,EPWA,EPGD
02.2011,EMB,DT,EPGD,EPWA
02.2011,EMB,DT,EPWA,EPGD
02.2011,EMB,DT,EPWA,EPGD
02.2011,EMB,DT,EPGD,EBBR
02.2011,EMB,DT,EBBR,EPGD
02.2011,EMB,DT,EPGD,EPWA
02.2011,EMB,DT,EPGD,EPWA
02.2011,EMB,DT,EPWA,LZIB
02.2011,EMB,DT,LZIB,EPWA
02.2011,EMB,DT,EPWA,EPGD
02.2011,EMB,DT,EPWA,EPGD
02.2011,EMB,DT,EPWA,LLBG
02.2011,EMB,DT,LLBG,EPWA
02.2011,EMB,DT,EPWA,ENGM
02.2011,EMB,DT,ENGM,EPGD
02.2011,EMB,DT,EPGD,EPWA
03.2011,EMB,DT,EPWA,EPKK
03.2011,EMB,DT,EPKK,EPGD
03.2011,EMB,DT,EPGD,EPWA
03.2011,EMB,DT,EPWA,LETO
03.2011,EMB,DT,LETO,LEMD
03.2011,EMB,DT,LEMD,EBBR
03.2011,EMB,DT,EBBR,EPWA
03.2011,EMB,DT,EPWA,EPGD
03.2011,EMB,DT,EPGD,EPWA
03.2011,EMB,DT,EPWA,EBBR
03.2011,EMB,DT,EBBR,EPWA
03.2011,EMB,DT,EPWA,LUKK
03.2011,EMB,DT,LUKK,EPWA
03.2011,EMB,DT,EPWA,LFPG
03.2011,EMB,DT,LFPG,EPGD
03.2011,EMB,DT,EPGD,EPWA
03.2011,EMB,DT,EPWA,EPSC
03.2011,EMB,DT,EPSC,EPWA
03.2011,EMB,DT,EPWA,EPSZ
03.2011,Śmigłowiec W-3,DT,EPSZ,EDAH
03.2011,Śmigłowiec W-3,DT,EDAH,EPSZ
03.2011,EMB,DT,EPWA,EPGD
03.2011,EMB,DT,EPGD,EPWA
04.2011,EMB,DT,EPWA,EPGD
04.2011,EMB,DT,EPWA,LOWW
04.2011,EMB,DT,LOWW,EPWA
04.2011,EMB,DT,EPWA,EPGD
04.2011,EMB,DT,EPGD,EPWA
04.2011,EMB,DT,EPWA,EPGD
04.2011,EMB,DT,EPWA,UKBB
04.2011,EMB,DT,UKBB,EPWA
04.2011,EMB,DT,EPWA,EPGD
04.2011,EMB,DT,EPWA,EPGD
04.2011,EMB,DT,EPGD,EGLL
04.2011,EMB,DT,EGLL,EPWA
04.2011,EMB,DT,EPWA,EPGD
04.2011,EMB,DT,EPGD,EPWA
05.2011,Śmigłowiec W-3,DT,EPWA,EPKK
05.2011,Śmigłowiec W-3,DT,EPKK,EPWA
05.2011,Śmigłowiec W-3,DT,EPWA,EPGD
05.2011,EMB,DT,EPWA,LYPG
05.2011,EMB,DT,LYPG,LYBE
05.2011,EMB,DT,LYBE,LDZA
05.2011,EMB,DT,LDZA,EPGD
05.2011,EMB,DT,EPGD,EPWA
05.2011,EMB,DT,EPGD,EPWA
05.2011,Śmigłowiec W-3,DT,EPWA,EPST
05.2011,Śmigłowiec W-3,DT,EPST,EPNL
05.2011,Śmigłowiec W-3,DT,EPNL,EPKT
05.2011,EMB,DT,EPKT,EPGD
05.2011,EMB,DT,EPGD,EPWA
05.2011,EMB,DT,EPWA,EPGD
05.2011,EMB,DT,EPWA,EPGD
05.2011,EMB,DT,EPGD,EPKT
05.2011,EMB,DT,EPKT,EPWA
05.2011,EMB,DT,EPWA,EPGD
05.2011,EMB,DT,EPGD,EPWA
05.2011,EMB,DT,EPWA,EPGD
05.2011,EMB,DT,EPGD,EBBR
05.2011,EMB,DT,EBBR,EPWA
05.2011,EMB,DT,EPWA,EPGD
05.2011,EMB,DT,EPGD,EPWA
06.2011,Bell,DT,EPWA,EPIN
06.2011,Bell,DT,EPIN,EPWA
06.2011,Śmigłowiec W-3,DT,EPWA,EPWK
06.2011,Śmigłowiec W-3,DT,EPWK,EPWA
06.2011,EMB,DT,EPWA,LFPG
06.2011,EMB,DT,LFPG,EPWA
06.2011,EMB,DT,EPWA,EPGD
06.2011,EMB,DT,EPGD,EPWA
06.2011,EMB,DT,EPWA,EPGD
06.2011,EMB,DT,EPGD,EPWA
06.2011,EMB,DT,EPWA,LZIB
06.2011,EMB,DT,LZIB,EPWA
06.2011,EMB,DT,EPWA,EPGD
06.2011,EMB,DT,EPGD,EPWA
06.2011,EMB,DT,EPWA,EBBR
06.2011,EMB,DT,EBBR,EPWA
06.2011,EMB,DT,EPWA,EPGD
06.2011,EMB,DT,EPGD,EPWA
07.2011,EMB,DT,EPWA,EPGD
07.2011,EMB,DT,EPGD,EPWA
07.2011,EMB,DT,EPWA,LFST
07.2011,EMB,DT,LFST,EPWA
07.2011,EMB,DT,EPWA,EPGD
07.2011,EMB,DT,EPGD,EPWA
07.2011,Śmigłowiec W-3,DT,EPWA,EPSY
07.2011,Śmigłowiec W-3,DT,EPSY,EPWA
07.2011,EMB,DT,EPWA,LKPR
07.2011,EMB,DT,LKPR,EPWA
07.2011,Śmigłowiec W-3,DT,EPKK,EPNT
07.2011,Śmigłowiec W-3,DT,EPNT,EPWA
07.2011,Śmigłowiec W-3,DT,EPWA,EPRZ
07.2011,Śmigłowiec W-3,DT,EPRZ,EPWA
07.2011,EMB,DT,EPWA,EPKK
07.2011,EMB,DT,EPRZ,EPGD
07.2011,Śmigłowiec W-3,DT,EPWA,EPBK
07.2011,Śmigłowiec W-3,DT,EPBK,EPWA
07.2011,EMB,DT,EPWA,EPGD
07.2011,TU,DT,EPGD,EPWA
07.2011,EMB,DT,EPWA,EPKK
07.2011,EMB,DT,EPKK,EPGD
07.2011,EMB,DT,EPGD,EPKK
07.2011,Śmigłowiec W-3,DT,EPKK,EPNL
07.2011,Śmigłowiec W-3,DT,EPNL,EPKK
08.2011,EMB,DT,EPWA,EPGD
08.2011,Inny,DT,EPWA,EPGD
08.2011,Inny,DT,EPGD,EPWA
08.2011,EMB,DT,EPWA,EPGD
08.2011,EMB,DT,EPGD,EPWA
08.2011,EMB,DT,EPWA,EPGD
08.2011,EMB,DT,EPWA,EPWR
08.2011,EMB,DT,EPWR,EPGD
08.2011,EMB,DT,EPGD,EPWA
08.2011,EMB,DT,EPWA,EBBR
08.2011,EMB,DT,EBBR,EPWA
08.2011,EMB,DT,EPWA,EPGD
09.2011,EMB,DT,EPWA,EPGD
09.2011,EMB,DT,EPGD,LFPG
09.2011,EMB,DT,LFPG,EPWA
09.2011,EMB,DT,EPWA,EPGD
09.2011,EMB,DT,EPGD,EPLL
09.2011,Śmigłowiec W-3,DT,EPWA,PL-0122
09.2011,Śmigłowiec W-3,DT,PL-0122,EPNL
09.2011,Śmigłowiec W-3,DT,EPNL,EPWA
09.2011,EMB,DT,EPWA,EPWR
09.2011,EMB,DT,EPWR,EPWA
09.2011,EMB,DT,EPWA,EPGD
09.2011,EMB,DT,EPWA,EPGD
09.2011,EMB,DT,EPGD,EBBR
09.2011,EMB,DT,EBBR,EPWA
09.2011,Śmigłowiec W-3,DT,EPKT,EPWA
09.2011,EMB,DT,EPWA,EPKT
09.2011,EMB,DT,EPKT,EPWA
09.2011,EMB,DT,EPWA,EPRZ
09.2011,EMB,DT,EPRZ,EPWA
09.2011,EMB,DT,EPWA,EPGD
09.2011,EMB,DT,EPGD,EVRA
09.2011,EMB,DT,EVRA,LDZA
09.2011,EMB,DT,LDZA,EPWA
09.2011,EMB,DT,EPWA,EPGD
09.2011,EMB,DT,EPGD,EPWA
09.2011,EMB,DT,EPSC,EPWA
09.2011,EMB,DT,EPWA,EPGD
09.2011,EMB,DT,EPGD,EPWA
09.2011,EMB,DT,EPWA,EPGD
09.2011,EMB,DT,EPGD,EPWA
10.2011,EMB,DT,EPGD,EPWA
10.2011,EMB,DT,EPKT,EPWA
10.2011,EMB,DT,EPWA,EPGD
10.2011,EMB,DT,EPGD,EPWA
10.2011,EMB,DT,EPWA,LKPR
10.2011,EMB,DT,LKPR,EPWA
10.2011,EMB,DT,EPWA,EPGD
10.2011,EMB,DT,EPWA,EBBR
10.2011,EMB,DT,EBBR,EPWA
10.2011,EMB,DT,EPWA,EPGD
10.2011,EMB,DT,EPWA,EPGD
10.2011,EMB,DT,EPGD,EBBR
10.2011,EMB,DT,EBBR,EPGD
10.2011,EMB,DT,EPGD,EPWA
10.2011,EMB,DT,EPGD,EPWA
10.2011,EMB,DT,EPWA,EBBR
10.2011,EMB,DT,EBBR,EPWA
10.2011,EMB,DT,EPWA,EPGD
10.2011,EMB,DT,EPWA,LICJ
11.2011,EMB,DT,EPWA,EPGD
11.2011,EMB,DT,EPGD,EPWA
11.2011,EMB,DT,EPLL,EPGD
11.2011,EMB,DT,EPGD,EPWA
11.2011,EMB,DT,EPWA,EPGD
11.2011,EMB,DT,EPGD,EPWA
11.2011,EMB,DT,EPWA,EPGD
11.2011,EMB,DT,EPWA,EPGD
12.2011,EMB,DT,EPWA,EPGD
12.2011,EMB,DT,EPGD,EPWA
12.2011,EMB,DT,EPWA,LFML
12.2011,EMB,DT,LFML,EBBR
12.2011,EMB,DT,EBBR,EPWA
12.2011,EMB,DT,EPWA,LFST
12.2011,EMB,DT,LFST,EPWA
12.2011,EMB,DT,EPWA,EPGD
12.2011,EMB,DT,EPGD,EPWA
12.2011,EMB,DT,EPWA,EPKT
12.2011,EMB,DT,EPKT,EPWA
12.2011,EMB,DT,EPWA,EPGD
12.2011,EMB,DT,EPGD,EPWA
12.2011,EMB,DT,EPWA,EPGD
01.2012,EMB,DT,EPGD,EPWA
01.2012,EMB,DT,EPWA,EPGD
01.2012,EMB,DT,EPWA,LIPX
01.2012,EMB,DT,LIPX,EPWA
01.2012,EMB,DT,EPWA,EKCH
01.2012,EMB,DT,EKCH,EPWA
01.2012,EMB,DT,EPWA,LIPX
01.2012,EMB,DT,LIPX,EPWA
01.2012,EMB,DT,EPGD,EPWA
01.2012,EMB,DT,EPWA,LIRF
01.2012,EMB,DT,LIRF,EPWA
01.2012,EMB,DT,EPWA,EPGD
01.2012,EMB,DT,EPGD,EPWA
01.2012,EMB,DT,EPWA,EPGD
01.2012,EMB,DT,EPGD,EPWA
01.2012,EMB,DT,EPWA,EBBR
01.2012,EMB,DT,EBBR,EPWA
02.2012,EMB,DT,EPWA,EPGD
02.2012,EMB,DT,EPGD,EPWA
02.2012,EMB,DT,EPWA,EPKK
02.2012,EMB,DT,EPKK,EPWA
02.2012,EMB,DT,EPWA,EPGD
02.2012,EMB,DT,EPGD,EPWA
02.2012,EMB,DT,EPWA,EPGD
02.2012,EMB,DT,EPGD,EPWA
03.2012,EMB,DT,EPWA,EBBR
03.2012,EMB,DT,EBBR,EPWA
03.2012,EMB,DT,EPWA,EPGD
03.2012,EMB,DT,EPGD,EPKT
03.2012,EMB,DT,EPKT,EPGD
03.2012,EMB,DT,EPGD,EPWA
05.2012,Śmigłowiec W-3,DT,EPWA,EPPO
04.2012,EMB,DT,EPWA,LCLK
04.2012,EMB,DT,LCLK,EPWA
04.2012,EMB,DT,EPWA,LCLK
04.2012,EMB,DT,LCLK,OMDB
04.2012,EMB,DT,OMDB,OMAA
04.2012,EMB,DT,OMAA,OERK
04.2012,EMB,DT,OERK,LCLK
04.2012,EMB,DT,LCLK,EPWA
05.2012,EMB,DT,EPWR,EPWA
05.2012,EMB,DT,EPWA,EPGD
05.2012,EMB,DT,EPGD,EPWA
05.2012,EMB,DT,EPWA,EBBR
05.2012,EMB,DT,EBBR,EPWA
05.2012,EMB,DT,EPWA,LIRF
05.2012,EMB,DT,LIRF,EPWA
05.2012,EMB,DT,EPWA,ETNL
05.2012,EMB,DT,ETNL,EDDT
05.2012,EMB,DT,EDDT,EPWA
06.2012,EMB,DT,EPWA,LROP
06.2012,EMB,DT,LROP,EPWA
06.2012,EMB,DT,EPGD,EPWA
06.2012,EMB,DT,EPWA,EPWR
06.2012,EMB,DT,EPWR,EPGD
06.2012,EMB,DT,EPGD,EPWA
06.2012,EMB,DT,EPGD,EPWA
06.2012,EMB,DT,EPWA,LKPR
06.2012,EMB,DT,LKPR,EPKT
06.2012,EMB,DT,EPKT,EPGD
06.2012,EMB,DT,EPGD,EPWA
06.2012,EMB,DT,EPWA,EBBR
06.2012,EMB,DT,EBBR,EPWA
07.2012,EMB,DT,EPWA,UKBB
07.2012,EMB,DT,UKBB,EPWA
07.2012,EMB,DT,EPGD,EPWA
07.2012,DT,DT,EPWA,EPGD
07.2012,DT,DT,EPGD,LDDU
07.2012,DT,DT,LDDU,EPGD
07.2012,DT,DT,EPGD,EPWA
07.2012,EMB,DT,EPGD,EPWA
08.2012,EMB,DT,EPWA,LDDU
08.2012,EMB,DT,LDDU,EPWA
08.2012,EMB,DT,EPWA,EPGD
09.2012,EMB,DT,EPGD,EPWA
09.2012,EMB,DT,EPWA,EPGD
09.2012,EMB,DT,EPGD,EPWA
09.2012,EMB,DT,EPGD,EPWA
09.2012,Śmigłowiec W-3,DT,EPSZ,EPDR
09.2012,Śmigłowiec W-3,DT,EPDR,EPSZ
09.2012,Śmigłowiec W-3,DT,EPSZ,EPWA
09.2012,EMB,DT,EPWA,EPSC
09.2012,EMB,DT,EPSC,EPWA
10.2012,EMB,DT,EPWA,EPGD
10.2012,EMB,DT,EPGD,EPKK
10.2012,EMB,DT,EPKK,EPWA
10.2012,EMB,DT,EPWA,EFHK
10.2012,EMB,DT,EFHK,EPWA
10.2012,EMB,DT,EPGD,EPWA
10.2012,Inny,DT,EPWA,LROP
10.2012,Inny,DT,LROP,EPWA
10.2012,Inny,DT,EPWA,EBBR
10.2012,Inny,DT,EBBR,EPWA
10.2012,Inny,DT,EPWA,EPGD
10.2012,Inny,DT,EPGD,EPWA
10.2012,EMB,DT,EPWA,EPRZ
10.2012,Śmigłowiec W-3,DT,EPST,EPWA
10.2012,EMB,DT,EPWA,EPGD
10.2012,EMB,DT,EPGD,EPKT
10.2012,EMB,DT,EPKT,EPWA
11.2012,EMB,DT,EPGD,EPWA
11.2012,EMB,DT,EKCH,EPWA
11.2012,EMB,DT,EPWA,EPRZ
11.2012,EMB,DT,EPRZ,EPWA
11.2012,EMB,DT,EPWA,EBBR
11.2012,EMB,DT,EBBR,EPWA
11.2012,EMB,DT,EPWA,EDDT
11.2012,EMB,DT,EDDT,EBBR
11.2012,EMB,DT,EBBR,EPWA
11.2012,EMB,DT,EPGD,EPWA
11.2012,EMB,DT,EPWA,EBBR
11.2012,EMB,DT,EBBR,EPWA
11.2012,EMB,DT,EPWA,EPGD
11.2012,EMB,DT,EPWA,EPGD
11.2012,EMB,DT,EPGD,EPWR
11.2012,EMB,DT,EPWR,EPWA
11.2012,EMB,DT,EPWA,EPWR
11.2012,EMB,DT,EPWR,EPWA
12.2012,EMB,DT,EPGD,ENGM
12.2012,EMB,DT,ENGM,EPWA
12.2012,EMB,DT,EPWA,EBBR
12.2012,EMB,DT,EBBR,EPWA
01.2013,EMB,DT,EPWA,LFPG
01.2013,EMB,DT,LFPG,EPWA
02.2013,EMB,DT,EPWA,ELLX
02.2013,EMB,DT,ELLX,EBBR
02.2013,EMB,DT,EBBR,EPWA
03.2013,EMB,DT,EPWA,EDDV
03.2013,EMB,DT,EDDV,EPWA
03.2013,EMB,DT,EPWA,EPGD
03.2013,EMB,DT,EPGD,EETN
03.2013,EMB,DT,EETN,EPWA
03.2013,EMB,DT,EPWA,EBBR
03.2013,EMB,DT,EBBR,EPWA
03.2013,EMB,DT,EPWA,LZTT
03.2013,EMB,DT,LZTT,EPWA
04.2013,EMB,DT,EPGD,EPWA
04.2013,EMB,DT,EPWA,UUEE
04.2013,EMB,DT,UUEE,EPWA
04.2013,EMB,DT,EPWA,EGLL
04.2013,EMB,DT,EGLL,EPWA
04.2013,EMB,DT,EPWA,EPGD
04.2013,EMB,DT,EPGD,EDDT
04.2013,EMB,DT,EDDT,EPWA
05.2013,EMB,DT,EPWA,EBBR
05.2013,EMB,DT,EBBR,EPWA
06.2013,EMB,DT,EPWA,LPPT
06.2013,EMB,DT,LPPT,EPGD
06.2013,EMB,DT,EPGD,EPWA
06.2013,EMB,DT,EPWA,EPGD
06.2013,EMB,DT,EPGD,EPLL
06.2013,EMB,DT,EPLL,EPWA
06.2013,EMB,DT,EPWA,EPGD
06.2013,EMB,DT,EPGD,LYBE
06.2013,EMB,DT,LYBE,EPWA
06.2013,EMB,DT,EPWA,EPWR
06.2013,EMB,DT,EPWR,EBBR
06.2013,EMB,DT,EBBR,EPKT
06.2013,EMB,DT,EPKT,EPWA
06.2013,EMB,DT,EPWA,LDZA
06.2013,EMB,DT,LDZA,EPWA
07.2013,EMB,DT,EPWA,EDDT
07.2013,EMB,DT,EDDT,EPWA
07.2013,EMB,DT,EPWA,EPGD
07.2013,EMB,DT,EPGD,LEMD
07.2013,EMB,DT,LEMD,EPWA
07.2013,EMB,DT,EPWA,EPZG
07.2013,EMB,DT,EPZG,EPWA
08.2013,Śmigłowiec W-3,DT,EPMM,EPWA
08.2013,Śmigłowiec W-3,DT,EPWA,EPKK
08.2013,Śmigłowiec W-3,DT,EPKK,EPWA
09.2013,Śmigłowiec W-3,DT,EPKT,EPWA
09.2013,EMB,DT,EPWA,EPGD
09.2013,EMB,DT,EPGD,EPKT
09.2013,EMB,DT,EPKT,EPWA
09.2013,EMB,DT,EPWA,EPGD
09.2013,EMB,DT,EPGD,EPWA
09.2013,EMB,DT,EPGD,EPLL
09.2013,EMB,DT,EPLL,EPWA
10.2013,EMB,DT,EPWA,EPKK
10.2013,EMB,DT,EPKK,EPWA
10.2013,EMB,DT,EPWA,EPKK
10.2013,EMB,DT,EPWA,EPGD
10.2013,EMB,DT,EPGD,LHBP
10.2013,EMB,DT,LHBP,EPWA
10.2013,EMB,DT,EPWA,EBBR
10.2013,EMB,DT,EBBR,EPWA
10.2013,EMB,DT,EPWA,EPGD
10.2013,EMB,DT,EPGD,EPWA
11.2013,EMB,DT,EPWA,LFPG
11.2013,EMB,DT,LFPG,EPWA
11.2013,EMB,DT,EPWA,LROP
11.2013,EMB,DT,LROP,EPWA
11.2013,EMB,DT,EPWA,EPKK
11.2013,EMB,DT,EPKK,EPWA
12.2013,EMB,DT,EPGD,EPWA
12.2013,EMB,DT,EPKT,EPWA
12.2013,EMB,DT,EPWA,EPGD
12.2013,EMB,DT,EPGD,EPPO
12.2013,EMB,DT,EPPO,EPWA
12.2013,EMB,DT,EPWA,EBBR
12.2013,EMB,DT,EBBR,EPWA
12.2013,EMB,DT,EPWA,EPKK
12.2013,EMB,DT,EPKK,EPGD
12.2013,EMB,DT,EPGD,EPWA
12.2013,EMB,DT,EPWA,EPKK
12.2013,EMB,DT,EPKK,EPGD
01.2014,EMB,DT,EPWA,LHBP
01.2014,EMB,DT,LHBP,EBBR
01.2014,EMB,DT,EBBR,LFPG
01.2014,EMB,DT,LFPG,EPWA
01.2014,EMB,DT,EPWA,EDDT
01.2014,EMB,DT,EDDT,EGTK
01.2014,EMB,DT,EGTK,EPWA
02.2014,EMB,DT,EPWA,EPGD
02.2014,EMB,DT,EPGD,EETN
02.2014,EMB,DT,EETN,ESSA
02.2014,EMB,DT,ESSA,EFHK
02.2014,EMB,DT,EFHK,EPWA
02.2014,EMB,DT,EPWA,LUKK
02.2014,EMB,DT,LUKK,EPWA
02.2014,EMB,DT,EPWA,EPWR
02.2014,EMB,DT,EPWR,EPKK
02.2014,EMB,DT,EPKK,EPWA
02.2014,Śmigłowiec W-3,DT,EPOP,LZTT
02.2014,Śmigłowiec W-3,DT,LZTT,EPKK
02.2014,EMB,DT,EPWA,EPRZ
02.2014,EMB,DT,EPRZ,EPWA
03.2014,EMB,DT,EPWA,EBBR
03.2014,EMB,DT,EBBR,EIDW
03.2014,EMB,DT,EIDW,EPGD
03.2014,EMB,DT,EPGD,EPWA
03.2014,EMB,DT,EPGD,EPKK
03.2014,EMB,DT,EPKK,EPGD
03.2014,EMB,DT,EPGD,EPWA
03.2014,EMB,DT,EPGD,EPWA
03.2014,EMB,DT,EPWA,EBBR
03.2014,EMB,DT,EBBR,EPWA
03.2014,EMB,DT,EPWA,EPGD
03.2014,EMB,DT,EPGD,EPWA
03.2014,EMB,DT,EPWA,LUKK
03.2014,EMB,DT,LUKK,EPWA
03.2014,EMB,DT,EPWA,EPKT
03.2014,EMB,DT,EPKT,EPWA
03.2014,EMB,DT,EPWA,EPRZ
03.2014,EMB,DT,EPRZ,EPWA
04.2014,EMB,DT,EPWA,EBBR
04.2014,EMB,DT,EBBR,EPWA
04.2014,Śmigłowiec W-3,DT,EPGD,EPSY
04.2014,Śmigłowiec W-3,DT,EPSY,EPGD
04.2014,EMB,DT,EPWA,EPKK
04.2014,EMB,DT,EPKK,EPWA
04.2014,EMB,DT,EPWA,EPGD
04.2014,EMB,DT,EPGD,EPWA
04.2014,EMB,DT,EPWA,EPKK
04.2014,EMB,DT,EPKK,EPGD
04.2014,EMB,DT,EPGD,EPWA
04.2014,CASA,DT,EPWA,EPLK
04.2014,CASA,DT,EPLK,EPWA
04.2014,EMB,DT,EPWA,EPKT
04.2014,EMB,DT,EPKT,EPWA
04.2014,EMB,DT,EPWA,EBBR
04.2014,EMB,DT,EBBR,LFPG
04.2014,EMB,DT,LFPG,EPWA
04.2014,EMB,DT,EPWA,EPPO
04.2014,EMB,DT,EPPO,EDDT
04.2014,EMB,DT,EDDT,EPGD
04.2014,EMB,DT,EPGD,EPWA
04.2014,EMB,DT,EPWA,LIRF
04.2014,EMB,DT,LIRF,EPWA
04.2014,EMB,DT,EPWA,LEMD
04.2014,EMB,DT,LEMD,EPWA
05.2014,EMB,DT,EPWA,EPKT
05.2014,EMB,DT,EPKT,EPWA
05.2014,EMB,DT,EPWA,LZIB
05.2014,EMB,DT,LZIB,EPKK
05.2014,EMB,DT,EPKK,EPWA
05.2014,EMB,DT,EPWA,EPRZ
05.2014,EMB,DT,EPRZ,EPWA
05.2014,EMB,DT,EPWA,LIRN
05.2014,EMB,DT,LIRN,LIRF
05.2014,EMB,DT,LIRF,EPWA
05.2014,EMB,DT,EPWA,EBBR
05.2014,EMB,DT,EBBR,EPWA
05.2014,EMB,DT,EPZG,EPWR
05.2014,EMB,DT,EPWR,EPKT
05.2014,EMB,DT,EPKT,EPGD
05.2014,EMB,DT,EPGD,EPWA
05.2014,EMB,DT,EPWA,EBBR
05.2014,EMB,DT,EBBR,EPSC
05.2014,EMB,DT,EPSC,EPWA
05.2014,EMB,DT,EPWA,EPWR
05.2014,EMB,DT,EPWR,EPWA
06.2014,EMB,DT,EPWA,EPKT
06.2014,EMB,DT,EPKT,EPWR
06.2014,EMB,DT,EPWR,EPWA
06.2014,EMB,DT,EPWA,EPGD
06.2014,EMB,DT,EPGD,EPWA
06.2014,EMB,DT,EPWA,LHBP
06.2014,EMB,DT,LHBP,EPWA
06.2014,EMB,DT,EPWA,EBKT
06.2014,EMB,DT,EBKT,EBBR
06.2014,EMB,DT,EBBR,EPWA
07.2014,EMB,DT,EPWA,EDDT
07.2014,EMB,DT,EDDT,EPWA
07.2014,EMB,DT,EPWA,EBBR
07.2014,EMB,DT,EBBR,EPWA
08.2014,EMB,DT,EPWA,EBBR
08.2014,EMB,DT,EBBR,EPGD
08.2014,EMB,DT,EPGD,EPWA
09.2014,EMB,DT,EPGD,EPWA
09.2014,EMB,DT,EPWA,EPMO
09.2014,Śmigłowiec W-3,DT,EPMO,EPWA
09.2014,EMB,DT,EPWA,EPKT
09.2014,EMB,DT,EPKT,EPWA
10.2014,EMB,EK,EPWA,EBBR
10.2014,EMB,EK,EBBR,EPWA
10.2014,EMB,EK,EPWA,EPKT
10.2014,EMB,EK,EPKT,EPWA
10.2014,EMB,EK,EPWA,EDDT
10.2014,EMB,EK,EDDT,LFPG
10.2014,EMB,EK,LFPG,EPWA
10.2014,EMB,EK,EPWA,LIMC
10.2014,EMB,EK,LIMC,EPWA
10.2014,EMB,EK,EPWA,EBBR
10.2014,EMB,EK,EBBR,EPWA
10.2014,EMB,EK,EPWA,EPZG
10.2014,EMB,EK,EPZG,EPWR
10.2014,EMB,EK,EPWR,EPWA
11.2014,EMB,EK,EPWA,EPWR
11.2014,EMB,EK,EPWR,EPKT
11.2014,EMB,EK,EPKT,EPWA
11.2014,EMB,EK,EPWA,EPWR
11.2014,EMB,EK,EPWR,EPWA
12.2014,EMB,EK,EPWA,LKPR
12.2014,EMB,EK,LKPR,EPWA
12.2014,Śmigłowiec W-3,EK,EPWA,EPKT
12.2014,EMB,EK,EPKT,EPWA
12.2014,EMB,EK,EPWA,LZIB
12.2014,EMB,EK,LZIB,EPWA
12.2014,EMB,EK,EPWA,EPKK
12.2014,EMB,EK,EPWA,EBBR
12.2014,EMB,EK,EBBR,EPWA
01.2015,EMB,EK,EPWA,LFPG
01.2015,EMB,EK,LFPG,EPWA
01.2015,EMB,EK,EPWA,EPKT
01.2015,EMB,EK,EPKT,EPWA
01.2015,EMB,EK,EPKT,EPWA
01.2015,EMB,EK,EPWA,UKBB
01.2015,EMB,EK,UKBB,EPWA
01.2015,EMB,EK,EPWA,LFPG
01.2015,EMB,EK,LFPG,EPWA
02.2015,EMB,EK,EPWA,EBBR
02.2015,EMB,EK,EBBR,EPWA
02.2015,EMB,EK,EPWA,LUZ
02.2015,EMB,EK,LUZ,EPWA
03.2015,EMB,EK,EPWA,EPPO
03.2015,EMB,EK,EPPO,EPWA
03.2015,EMB,EK,EPWA,EBBR
03.2015,EMB,EK,EBBR,EPWA
04.2015,Śmigłowiec W-3,EK,EPWA,EPGD
04.2015,EMB,EK,EPWA,LIPE
04.2015,EMB,EK,LIPE,LKPR
04.2015,EMB,EK,LKPR,EPWA
04.2015,EMB,EK,EPWA,EBBR
04.2015,EMB,EK,EBBR,EPWA
04.2015,EMB,EK,EPWA,EPKK
04.2015,EMB,EK,EPKK,EPWA
05.2015,EMB,EK,EPGD,EPWA
05.2015,EMB,EK,EPWA,EPGD
05.2015,EMB,EK,EPGD,EPWA
05.2015,Śmigłowiec W-3,EK,EPWR,EPWA
05.2015,EMB,EK,EPWA,EPWR
05.2015,EMB,EK,EPWR,EPWA
05.2015,EMB,EK,EPWA,EPKT
05.2015,EMB,EK,EPKT,EVRA
05.2015,EMB,EK,EVRA,EPWA
06.2015,EMB,EK,EPWA,EBBR
06.2015,EMB,EK,EBBR,EPWA
06.2015,EMB,EK,EPWA,LIRF
06.2015,EMB,EK,LIRF,EPWA
06.2015,EMB,EK,EPWA,LZIB
06.2015,EMB,EK,LZIB,EPWA
06.2015,EMB,EK,EPWA,EBBR
06.2015,EMB,EK,EBBR,EPWA
07.2015,CASA,EK,EPWA,EPKT
07.2015,CASA,EK,EPKT,EPWA
07.2015,EMB,EK,EPWA,LEMD
07.2015,EMB,EK,LEMD,EPWA
09.2015,EMB,EK,EPWA,EPKT
09.2015,EMB,EK,EPKT,EPWA
09.2015,EMB,EK,EPWA,EPGD
09.2015,EMB,EK,EPGD,LKPR
09.2015,EMB,EK,LKPR,EPWA
09.2015,EMB,EK,EPWA,EPKK
09.2015,EMB,EK,EPKK,EPWA
09.2015,EMB,EK,EPWA,UKBB
09.2015,EMB,EK,UKBB,EPWA
09.2015,EMB,EK,EPWA,EBBR
09.2015,EMB,EK,EBBR,EPWA
09.2015,EMB,EK,EPWA,EPGD
09.2015,EMB,EK,EPGD,EPWA
10.2015,EMB,EK,EPWA,KGLS
10.2015,EMB,EK,KGLS,EPWA
10.2015,EMB,EK,EPWA,EBBR
10.2015,EMB,EK,EBBR,EPWA
10.2015,Śmigłowiec W-3,EK,EPWA,EPKA
10.2015,Śmigłowiec W-3,EK,EPKA,EPWA
11.2015,EMB,BS,EPWA,EBBR
11.2015,EMB,BS,EBBR,LFPB
11.2015,EMB,BS,LFPB,EPWA
12.2015,EMB,BS,EPWA,LKPR
12.2015,EMB,BS,LKPR,EPKK
12.2015,EMB,BS,EPWA,EBBR
12.2015,EMB,BS,EBBR,EPWA
01.2016,EMB,BS,EPWA,LFST
01.2016,EMB,BS,LFST,EPWA
02.2016,EMB,BS,EPWA,ENGM
02.2016,EMB,BS,ENGM,EPWA
02.2016,EMB,BS,EPWA,LFPB
02.2016,EMB,BS,LFPB,EGSS
02.2016,EMB,BS,EGSS,EPWA
02.2016,EMB,BS,EPWA,LHBP
02.2016,EMB,BS,LHBP,EPWA
02.2016,EMB,BS,EPWA,EDDT
02.2016,EMB,BS,EDDT,EPKK
02.2016,EMB,BS,EPKK,LKPR
02.2016,EMB,BS,LKPR,EPWA
02.2016,EMB,BS,EPWA,EBBR
02.2016,EMB,BS,EBBR,EPKT
03.2016,EMB,BS,EPWA,EBBR
03.2016,EMB,BS,EBBR,EPWA
03.2016,EMB,BS,EPWA,EBBR
03.2016,EMB,BS,EBBR,EPKK
03.2016,EMB,BS,EPWA,EPRZ
03.2016,EMB,BS,EPRZ,EPWA
04.2016,EMB,BS,EPWA,EPSC
04.2016,EMB,BS,EPSC,EPWA
04.2016,Śmigłowiec W-3,BS,EPWA,EPKK
04.2016,Śmigłowiec W-3,BS,EPKK,EPWA
04.2016,EMB,BS,EPWA,EPPO
04.2016,EMB,BS,EPPO,EPKK
04.2016,EMB,BS,EPWA,EPKK
04.2016,EMB,BS,EPKK,EPWA
04.2016,Śmigłowiec W-3,BS,EPWA,EPST
04.2016,Śmigłowiec W-3,BS,EPST,EPWA
05.2016,EMB,BS,EPWA,LIRA
05.2016,EMB,BS,LIRA,EPKK
05.2016,Śmigłowiec W-3,BS,EPWA,EPKK
05.2016,Śmigłowiec W-3,BS,EPKK,EPWA
05.2016,EMB,BS,EPKK,TR-0043
05.2016,EMB,BS,TR-0043,EPWA
06.2016,EMB,BS,EPWA,LKPR
06.2016,EMB,BS,LKPR,EPSC
06.2016,CASA,BS,EPSC,EPWA
06.2016,EMB,BS,EPWA,EPSC
06.2016,EMB,BS,EPSC,EPKK
06.2016,EMB,BS,EPWA,EDDT
06.2016,EMB,BS,EDDT,EPWA
06.2016,Śmigłowiec W-3,BS,EPWA,EPKK
06.2016,EMB,BS,EPWA,EBBR
06.2016,EMB,BS,EBBR,EPWA
07.2016,Śmigłowiec W-3,BS,EPKK,EPWA
07.2016,Śmigłowiec W-3,BS,EPWA,EPKK
07.2016,Inny,BS,EPWA,ZMUB
07.2016,Inny,BS,ZMUB,EPWA
07.2016,Śmigłowiec W-3,BS,EPWA,EPKK
07.2016,Śmigłowiec W-3,BS,EPKK,EPWA
07.2016,Śmigłowiec W-3,BS,EPWA,EPKK
07.2016,Śmigłowiec W-3,BS,EPKK,EPWA
07.2016,Śmigłowiec W-3,BS,EPWA,EPKK
07.2016,EMB,BS,EPWA,EPKT
08.2016,Śmigłowiec W-3,BS,EPWA,EPGD
08.2016,Śmigłowiec W-3,BS,EPGD,EPKK
08.2016,Śmigłowiec W-3,BS,EPKK,EPWA
08.2016,Śmigłowiec W-3,BS,EPGD,EPWA
08.2016,Śmigłowiec W-3,BS,EPWA,EPKK
08.2016,Śmigłowiec W-3,BS,EPKK,EPGD
08.2016,CASA,BS,EPKK,EPWA
08.2016,CASA,BS,EPWA,EPKK
08.2016,CASA,BS,EPKK,EPSC
08.2016,CASA,BS,EPSC,EPKK
08.2016,CASA,BS,EPKK,EPWA
08.2016,EMB,BS,EPWA,LRSV
08.2016,EMB,BS,LRSV,EPGD
08.2016,CASA,BS,EPGD,EPWA
08.2016,CASA,BS,EPWA,EPGD
09.2016,CASA,BS,EPGD,EPKK
09.2016,CASA,BS,EPKK,EPWA
09.2016,CASA,BS,EPKK,EPWA
09.2016,CASA,BS,EPWA,EPKK
09.2016,CASA,BS,EPKK,EPWA
09.2016,EMB,BS,EPWA,LZIB
09.2016,EMB,BS,LZIB,EPKK
09.2016,CASA,BS,EPKK,EPWA
09.2016,CASA,BS,EPWA,EPKK
09.2016,CASA,BS,EPKK,EPWA
10.2016,CASA,BS,EPWA,EPKK
10.2016,EMB,BS,EPKK,EPZG
10.2016,EMB,BS,EPZG,EPWA
10.2016,EMB,BS,EPWA,EPKK
10.2016,EMB,BS,EPKK,EPWA
10.2016,CASA,BS,EPWA,EPKK
10.2016,CASA,BS,EPKK,EPWA
10.2016,CASA,BS,EPWA,EPLB
10.2016,CASA,BS,EPLB,EPRZ
10.2016,CASA,BS,EPRZ,EPWA
10.2016,CASA,BS,EPWA,EPKT
10.2016,CASA,BS,EPKT,EPZG
10.2016,CASA,BS,EPWA,EPKK
10.2016,CASA,BS,EPKK,EPWA
10.2016,EMB,BS,EPWA,EBBR
10.2016,EMB,BS,EBBR,EPKK
10.2016,CASA,BS,EPKK,EPWA
10.2016,CASA,BS,EPWA,EPKK
11.2016,CASA,BS,EPKK,EPWA
11.2016,EMB,BS,EPWA,EVRA
11.2016,EMB,BS,EVRA,EPWA
11.2016,EMB,BS,EPWA,EPRZ
11.2016,EMB,BS,EPRZ,EPWA
11.2016,EMB,BS,EPWA,EPKK
11.2016,CASA,BS,EPKK,EPWA
11.2016,CASA,BS,EPWA,EPRZ
11.2016,CASA,BS,EPRZ,EPWA
11.2016,EMB,BS,EPWA,LLBG
11.2016,EMB,BS,LLBG,EPWA
11.2016,CASA,BS,EPKK,EPWA
11.2016,EMB,BS,EPWA,EGGW
11.2016,EMB,BS,EGGW,EPWA
11.2016,EMB,BS,EPWA,EPWR
11.2016,EMB,BS,EPWR,EPWA
12.2016,EMB,BS,EPWA,EPKT
12.2016,CASA,BS,EPKT,EPWA
12.2016,EMB,BS,EPWA,EPKK
12.2016,EMB,BS,EPKK,LATI
12.2016,EMB,BS,LATI,EPWA
12.2016,EMB,BS,EPWA,EPKT
12.2016,EMB,BS,EPKT,EPWA
12.2016,EMB,BS,EPWA,EPRZ
12.2016,EMB,BS,EPRZ,EPWA
12.2016,EMB,BS,EPWA,EBBR
12.2016,EMB,BS,EBBR,EPWA
12.2016,CASA,BS,EPWA,EPKT
12.2016,CASA,BS,EPKK,EPWA
12.2016,CASA,BS,EPWA,EPKK
12.2016,CASA,BS,EPKK,EPWA
12.2016,CASA,BS,EPWA,EPKK
01.2017,CASA,BS,EPKK,EPWA
01.2017,CASA,BS,EPWA,EPKT
01.2017,CASA,BS,EPKK,EPWA
01.2017,EMB,BS,EPWA,EPWR
01.2017,EMB,BS,EPWR,EPKK
01.2017,CASA,BS,EPKK,EPWA
01.2017,CASA,BS,EPWA,EPKK
01.2017,CASA,BS,EPRZ,EPWA
02.2017,EMB,BS,EPWA,EPPO
02.2017,EMB,BS,EPPO,LMML
02.2017,EMB,BS,LMML,EPWA
02.2017,EMB,BS,EPWA,EHRD
02.2017,EMB,BS,EHRD,EPWA
02.2017,CASA,BS,EPWA,EPKK
03.2017,EMB,BS,EPWA,EBBR
03.2017,EMB,BS,EBBR,EPWA
03.2017,CASA,BS,EPKK,EPWA
03.2017,CASA,BS,EPWA,EPKK
03.2017,CASA,BS,EPKK,EPWA
03.2017,EMB,BS,EPWA,LIRA
03.2017,EMB,BS,LIRA,EPWA
04.2017,CASA,BS,EPBY,EPKK
04.2017,CASA,BS,EPKK,EPWA
04.2017,CASA,BS,EPKK,EPWA
04.2017,EMB,BS,EPWA,EDDV
04.2017,EMB,BS,EDDV,EPWA
04.2017,EMB,BS,EPWA,EBBR
04.2017,EMB,BS,EBBR,EPKK
05.2017,CASA,BS,EPKK,EPWA
05.2017,CASA,BS,EPWA,EPKK
05.2017,CASA,BS,EPKK,EPWA
05.2017,CASA,BS,EPWA,EPKK
05.2017,CASA,BS,EPKK,EPWA
05.2017,EMB,BS,EPWA,EETN
05.2017,EMB,BS,EETN,EPWA
05.2017,Śmigłowiec W-3,BS,EPWA,EPKK
05.2017,Śmigłowiec W-3,BS,EPKK,EPWA
05.2017,CASA,BS,EPKK,EPWA
05.2017,EMB,BS,EPWA,EPKK
06.2017,CASA,BS,EPKT,EPWA
06.2017,CASA,BS,EPWA,EPKK
06.2017,EMB,BS,EPWA,EPKK
06.2017,EMB,BS,EPKK,EPWA
06.2017,EMB,BS,EPWA,EPSC
06.2017,EMB,BS,EPSC,EPWA
06.2017,EMB,BS,EPWA,EKCH
06.2017,EMB,BS,EKCH,EPKK
06.2017,EMB,BS,EPWA,EPKK
06.2017,CASA,BS,EPKK,EPWA
06.2017,EMB,BS,EPWA,EBBR
06.2017,EMB,BS,EBBR,EPKK
07.2017,EMB,BS,EPWA,LHBP
07.2017,EMB,BS,LHBP,EPWA
07.2017,CASA,BS,EPWA,EPKK
07.2017,CASA,BS,EPKK,EPWA
07.2017,CASA,BS,EPWA,EPKK
07.2017,CASA,BS,EPKK,EPWA
07.2017,EMB,BS,EPWA,LHBP
07.2017,EMB,BS,LHBP,EPWA
07.2017,CASA,BS,EPWA,EPKK
07.2017,CASA,BS,EPKK,EPWA
07.2017,EMB,BS,EPWA,EPKK
07.2017,EMB,BS,EPKK,EPWA
08.2017,Śmigłowiec W-3,BS,EPGD,EPWA
08.2017,Śmigłowiec W-3,BS,EPWA,EPGD
08.2017,EMB,BS,EPKK,EPPO
08.2017,EMB,BS,EPPO,EPWA
08.2017,CASA,BS,EPWA,EPKK
08.2017,CASA,BS,EPKK,EPWA
08.2017,EMB,BS,EPWA,EPKT
08.2017,EMB,BS,EPKT,EPWA
09.2017,EMB,BS,EPWA,EPWR
09.2017,EMB,BS,EPWR,EPGD
09.2017,EMB,BS,EPGD,EPKK
09.2017,EMB,BS,EPRZ,EPWA
09.2017,EMB,BS,EPWA,EPKK
09.2017,EMB,BS,EPKK,EPWA
09.2017,CASA,BS,EPWA,EPKK
09.2017,CASA,BS,EPKK,EPWA
09.2017,CASA,BS,EPWA,EPKK
09.2017,CASA,BS,EPKK,EPWA
09.2017,EMB,BS,EPWA,LBSF
09.2017,EMB,BS,LBSF,EPWA
09.2017,CASA,BS,EPKK,EPWA
09.2017,EMB,BS,EPWA,EETN
09.2017,EMB,BS,EETN,EPKK
10.2017,CASA,BS,EPKK,EPWA
10.2017,EMB,BS,EPKK,EPWA
10.2017,CASA,BS,EPWA,LZIB
10.2017,CASA,BS,LZIB,EPKK
10.2017,EMB,BS,EPWA,EBBR
10.2017,EMB,BS,EBBR,EPKK
10.2017,CASA,BS,EPKK,EPWA
10.2017,CASA,BS,EPWA,EPKK
11.2017,CASA,BS,EPKK,EPWA
11.2017,EMB,BS,EPWA,EPKK
11.2017,EMB,BS,EPKK,EPWA
11.2017,EMB,BS,EPWA,EPRZ
11.2010,EMB,BS,EPRZ,ESGG
11.2010,EMB,BS,ESGG,EPKK
11.2017,CASA,BS,EPKK,EPWA
11.2017,EMB,BS,EPWA,LFPB
11.2017,EMB,BS,LFPB,EPWA
11.2017,EMB,BS,EPWA,EBBR
11.2017,EMB,BS,EBBR,EPKK
11.2017,EMB,BS,EPKK,EPBY
11.2017,EMB,BS,EPBY,EPWA
11.2017,EMB,BS,EPWA,LHBP
11.2017,EMB,BS,LHBP,EPWA
12.2017,EMB,BS,EPWA,GMMN
12.2017,EMB,BS,GMMN,DTTA
12.2017,EMB,BS,DTTA,EPWA
12.2017,CASA,BS,EPWA,EPKT
12.2017,CASA,BS,EPKK,EPWA
12.2017,EMB,BS,EPWA,EPKK
12.2017,CASA,BS,EPKK,EPWA
12.2017,EMB,MM,EPWA,EBBR
12.2017,EMB,MM,EBBR,EPWA
12.2017,EMB,MM,EPWA,EPGD
12.2017,EMB,MM,EPGD,EPSC
12.2017,EMB,MM,EPSC,EPWA
12.2017,EMB,MM,EPWA,EPKK
12.2017,EMB,MM,EPKK,EPWA
12.2017,EMB,MM,EPWA,EPKT
12.2017,EMB,MM,EPKT,EPWA
12.2017,EMB,MM,EPWA,EPWR
12.2017,EMB,MM,EPWR,EPWA
01.2018,EMB,MM,EPWA,LHBP
01.2018,EMB,MM,LHBP,EPWA
01.2018,EMB,MM,EPWA,EBBR
01.2018,EMB,MM,EBBR,EPWA
01.2018,EMB,MM,EPWA,LSZH
01.2018,EMB,MM,LSZH,LHBP
01.2018,EMB,MM,LHBP,EPWR
01.2018,EMB,MM,EPWR,EPWA
01.2018,CASA,MM,EPWR,EPWA
01.2018,EMB,MM,EPWA,EPKK
01.2018,EMB,MM,EPKK,EPWA
02.2018,EMB,MM,EPWA,EPRZ
02.2018,EMB,MM,EPRZ,EPWA
02.2018,EMB,MM,EPWA,EPSY
02.2018,EMB,MM,EPSY,EPWA
02.2018,EMB,MM,EPWA,LUZ
02.2018,EMB,MM,LUZ,EPWA
02.2018,EMB,MM,EPWA,OLBA
02.2018,EMB,MM,OLBA,EPWA
02.2018,EMB,MM,EPWA,EDDT
02.2018,EMB,MM,EDDT,EPWA
02.2018,EMB,MM,EPWA,EDDM
02.2018,EMB,MM,EDDM,EPWR
02.2018,EMB,MM,EPWR,EPWA
02.2018,EMB,MM,EPWA,EPKK
02.2018,EMB,MM,EPKK,EPWA
02.2018,EMB,MM,EPWA,EBBR
02.2018,EMB,MM,EBBR,EPWA
02.2018,EMB,MM,EPWA,EPPO
02.2018,EMB,MM,EPPO,EPWA
03.2018,EMB,MM,EPWA,EBBR
03.2018,EMB,MM,EBBR,SA32
03.2018,EMB,MM,SA32,EPWA
03.2018,EMB,MM,EPWA,EPWR
03.2018,EMB,MM,EPWR,EPWA
03.2018,EMB,MM,EPWA,EPKT
03.2018,EMB,MM,EPKT,EPWA
03.2018,EMB,MM,EPWA,EPRZ
03.2018,EMB,MM,EPRZ,EPWA
03.2018,EMB,MM,EPWA,EBBR
03.2018,EMB,MM,EBBR,EPWA
03.2018,EMB,MM,EPWA,EPSY
03.2018,EMB,MM,EPSY,EPWA
03.2018,CASA,MM,EPWA,EPWR
03.2018,CASA,MM,EPWR,EPWA
04.2018,EMB,MM,EPWA,LHBP
04.2018,EMB,MM,LHBP,EPWA
04.2018,EMB,MM,EPWA,EPKK
04.2018,EMB,MM,EPKK,EPWA
04.2018,EMB,MM,EPWA,EPWR
04.2018,EMB,MM,EPWR,EPKK
04.2018,EMB,MM,EPKK,EPWA
04.2018,CASA,MM,EPWA,EPZG
04.2018,CASA,MM,EPZG,EPOK
04.2018,CASA,MM,EPOK,EPWA
05.2018,EMB,MM,EPWA,EPRZ
05.2018,EMB,MM,EPRZ,EPWA
05.2018,CASA,MM,EPWA,EPOK
05.2018,EMB,MM,EPWA,EPKT
05.2018,EMB,MM,EPKT,EPWA
05.2018,EMB,MM,EPWA,EPOK
05.2018,CASA,MM,EPOK,EPWA
05.2018,EMB,MM,EPWA,EPKT
05.2018,EMB,MM,EPKT,EPWA
05.2018,EMB,MM,EPWA,LBSF
05.2018,EMB,MM,LBSF,EPWA
05.2018,EMB,MM,EPWA,EPGD
05.2018,EMB,MM,EPGD,EPWA
05.2018,EMB,MM,EPWA,EPWR
05.2018,EMB,MM,EPWR,EPWA
05.2018,EMB,MM,LUZ,EPWR
05.2018,EMB,MM,EPWA,EPRZ
05.2018,EMB,MM,EPRZ,EPWA
06.2018,EMB,MM,EPWA,EPSC
06.2018,EMB,MM,EPSC,EPWR
06.2018,EMB,MM,EPWR,EPWA
06.2018,EMB,MM,EPWA,EYPA
06.2018,EMB,MM,EYPA,EETN
06.2018,EMB,MM,EETN,EPWA
06.2018,EMB,MM,EPWA,LIRA
06.2018,EMB,MM,LIRA,EPWA
06.2018,EMB,MM,EPWA,EPWR
06.2018,EMB,MM,EPWR,EPWA
06.2018,EMB,MM,EPWA,EPKK
06.2018,EMB,MM,EPKK,EPWA
06.2018,EMB,MM,EPWA,EPSC
06.2018,EMB,MM,EPSC,EPMO
06.2018,CASA,MM,EPWA,EPKK
06.2018,CASA,MM,EPKK,EPWA
06.2018,EMB,MM,EPWA,EDDT
06.2018,EMB,MM,EDDT,EPWA
06.2018,EMB,MM,EPWA,LHBP
06.2018,EMB,MM,LHBP,EPWA
06.2018,CASA,MM,EPWA,EPWR
06.2018,CASA,MM,EPWR,EPWA
06.2018,CASA,MM,EPWA,EPOK
06.2018,CASA,MM,EPOK,EPRA
06.2018,EMB,MM,EPWA,EBBR
06.2018,EMB,MM,EBBR,EPWA
06.2018,EMB,MM,EPWA,EPBY
06.2018,EMB,MM,EPBY,EPRZ
06.2018,EMB,MM,EPRZ,EPWA
07.2018,EMB,MM,EPWA,LFST
07.2018,EMB,MM,LFST,EPWA
07.2018,EMB,MM,EPWA,LKKV
07.2018,EMB,MM,LKKV,EPWA
07.2018,EMB,MM,EPWA,EPGD
07.2018,CASA,MM,EPGD,EPKT
07.2018,CASA,MM,EPWR,EPWA
07.2018,EMB,MM,EPWA,EGGW
07.2018,EMB,MM,EGGW,EPWA
07.2018,EMB,MM,EPWA,EPSY
07.2018,EMB,MM,EPSY,EPWA
07.2018,CASA,MM,EPOK,EPLB
07.2018,CASA,MM,EPLB,EPOK
07.2018,CASA,MM,EPOK,EPWA
07.2018,EMB,MM,EPBY,EPKK
07.2018,EMB,MM,EPKK,EPWA
07.2018,CASA,MM,EPOK,EPWA
07.2018,CASA,MM,EPWA,EPPO
07.2018,EMB,MM,EPWA,EPZG
07.2018,EMB,MM,EPZG,EPWA
08.2018,EMB,MM,EPGD,EPKK
08.2018,EMB,MM,EPKK,EPGD
08.2018,Gulfstream,MM,EPOK,EPSC
08.2018,Gulfstream,MM,EPSC,EPKK
08.2018,Gulfstream,MM,EPKK,EPOK
08.2018,EMB,MM,EPGD,EPWA
08.2018,EMB,MM,EPWA,EPGD
08.2018,EMB,MM,EPWA,EVRA
08.2018,EMB,MM,EVRA,EPWA
08.2018,EMB,MM,EPWA,EPGD
08.2018,EMB,MM,EPGD,EPWA
08.2018,EMB,MM,EPWA,EPGD
08.2018,Gulfstream,MM,EPOK,EPWA
08.2018,Gulfstream,MM,EPWA,EPOK
08.2018,Gulfstream,MM,EPOK,EPWA
08.2018,Gulfstream,MM,EPWA,EPKK
08.2018,Gulfstream,MM,EPKK,EPWA
08.2018,Gulfstream,MM,EPWA,EPBY
08.2018,CASA,MM,EPGD,EPWA
08.2018,EMB,MM,EPWA,EPSC
08.2018,EMB,MM,EPSC,EPWA
08.2018,Gulfstream,MM,EPWA,EPGD
09.2018,CASA,MM,EPGD,EPWA
09.2018,EMB,MM,EPWA,EPKT
09.2018,EMB,MM,EPKT,EPWA
09.2018,EMB,MM,EPWA,EPKK
09.2018,EMB,MM,EPKK,EPKT
09.2018,EMB,MM,EPKT,EPWA
09.2018,Gulfstream,MM,EPWA,EPWR
09.2018,Gulfstream,MM,EPWA,EPPO
09.2018,EMB,MM,EPPO,EPKK
09.2018,EMB,MM,EPKK,EPWA
09.2018,EMB,MM,EPWA,EPZG
09.2018,EMB,MM,EPSC,EPWA
09.2018,EMB,MM,EPWA,EPSC
09.2018,EMB,MM,EPSC,EPWA
09.2018,EMB,MM,EPWA,LROP
09.2018,EMB,MM,LROP,EPKK
09.2018,EMB,MM,EPKK,EPWA
09.2018,EMB,MM,EPWA,EPKK
09.2018,EMB,MM,EPKK,EPWA
09.2018,EMB,MM,EPKT,LOWL
09.2018,EMB,MM,LOWL,EPWA
09.2018,EMB,MM,EPWA,EPKT
09.2018,Śmigłowiec W-3,MM,EPWA,EPGD
09.2018,Śmigłowiec W-3,MM,EPGD,EPWA
09.2018,Gulfstream,MM,EPWA,EPLU
09.2018,Śmigłowiec W-3,MM,EPWA,EPKA
09.2018,Śmigłowiec W-3,MM,EPKA,EPWA
09.2018,EMB,MM,EPWA,EPPO
09.2018,EMB,MM,EPPO,EPWA
09.2018,Gulfstream,MM,EPWR,EPBY
10.2018,Gulfstream,MM,EPWA,EPLB
10.2018,Gulfstream,MM,EPLB,LUZ
10.2018,EMB,MM,LUZ,EPWA
10.2018,Gulfstream,MM,EPWA,KTEB
10.2018,Gulfstream,MM,KTEB,EPWA
10.2018,Śmigłowiec W-3,MM,EPWA,EPBK
10.2018,Śmigłowiec W-3,MM,EPBK,EPWA
10.2018,Gulfstream,MM,EPWA,EPLB
10.2018,Gulfstream,MM,EPWA,EPRZ
10.2018,Gulfstream,MM,EPRZ,EPWA
10.2018,Gulfstream,MM,EPWA,EPKK
10.2018,Gulfstream,MM,EPKK,EPWA
10.2018,Śmigłowiec W-3,MM,EPWA,EPBK
10.2018,EMB,MM,EPWA,EPPO
10.2018,Śmigłowiec W-3,MM,EPPO,EPRU
10.2018,EMB,MM,EPWA,EPKT
10.2018,EMB,MM,EPKT,EPKK
10.2018,EMB,MM,EPKK,EPWA
10.2018,EMB,MM,EPWA,EBBR
10.2018,EMB,MM,EBBR,EPMO
10.2018,Gulfstream,MM,EPWA,EPWR
10.2018,Gulfstream,MM,EPWR,EPWA
10.2018,EMB,MM,EPWA,EPKK
10.2018,EMB,MM,EPKK,EPWA
10.2018,EMB,MM,EPWA,LKPR
10.2018,EMB,MM,LKPR,LUZ
10.2018,EMB,MM,LUZ,EPWA
10.2018,Gulfstream,MM,EPWA,EPKK
10.2018,Gulfstream,MM,EPKK,EPWA
10.2018,EMB,MM,EPWA,EPBY
10.2018,Gulfstream,MM,EPWA,EPKK
10.2018,Gulfstream,MM,EPKK,EPKT
10.2018,Gulfstream,MM,EPKT,EPWA
11.2018,EMB,MM,EPKT,EPWA
11.2018,CASA,MM,EPKK,EPCE
11.2018,CASA,MM,EPCE,EPWA
11.2018,EMB,MM,EPWA,EPKT
11.2018,EMB,MM,EPWA,EPGD
11.2018,EMB,MM,EPGD,EPWA
11.2018,EMB,MM,EPWA,LKPR
11.2018,EMB,MM,LKPR,EPWA
11.2018,EMB,MM,EPWA,EPRZ
11.2018,EMB,MM,EPRZ,EPWA
11.2018,EMB,MM,EPWA,EDDH
11.2018,EMB,MM,EDDH,EPWA
11.2018,Gulfstream,MM,EPWA,EPKK
11.2018,Gulfstream,MM,EPKK,EPWA
11.2018,EMB,MM,EPWR,EBBR
11.2018,EMB,MM,EBBR,EPWA
11.2018,EMB,MM,EPWA,LZIB
11.2018,EMB,MM,LZIB,EPWA
11.2018,Śmigłowiec W-3,MM,EPWA,EPKT
11.2018,Śmigłowiec W-3,MM,EPKT,EPWA
12.2018,EMB,MM,EPWA,EPKT
12.2018,EMB,MM,EPKT,EPWA
12.2018,EMB,MM,EPWA,EBBR
12.2018,EMB,MM,EBBR,EPWA
12.2018,EMB,MM,EPWA,EPKT
12.2018,EMB,MM,EPKT,EPWA
12.2018,CASA,MM,EPWA,EPCE
12.2018,EMB,MM,EPGD,LOWW
12.2018,EMB,MM,LOWW,EPKK
12.2018,EMB,MM,EPKK,EPWA
12.2018,Gulfstream,MM,EPKK,EPWA
12.2018,Gulfstream,MM,EPWA,EGSS
12.2018,Gulfstream,MM,EGSS,EPWA
12.2018,Gulfstream,MM,EPWA,EPWR
12.2018,Gulfstream,MM,EPWR,EPWA
12.2018,EMB,MM,EPWA,EPKT
12.2018,EMB,MM,EPKT,EPWA
12.2018,Gulfstream,MM,EPWA,EPPO
12.2018,Gulfstream,MM,EPPO,EPWA
01.2019,EMB,MM,EPWA,EPWR
01.2019,EMB,MM,EPWR,EPKK
01.2019,EMB,MM,EPKK,EPWA
01.2019,Gulfstream,MM,EPWA,EPGD
01.2019,Gulfstream,MM,EPGD,EPWA
01.2019,EMB,MM,EPWA,EPKK
01.2019,EMB,MM,EPKK,EPWA
01.2019,EMB,MM,EPWA,LSZH
01.2019,EMB,MM,LSZH,EPWA
01.2019,EMB,MM,EPWA,EPRZ
01.2019,EMB,MM,EPRZ,EPWA
01.2019,EMB,MM,EPWA,EPKK
01.2019,EMB,MM,EPKK,EPWA
01.2019,EMB,MM,EPWA,EPWR
01.2019,EMB,MM,EPWR,EPWA
02.2019,EMB,MM,EPWA,LZIB
02.2019,EMB,MM,LZIB,EPWA
02.2019,CASA,MM,EPWA,EPRZ
02.2019,CASA,MM,EPRZ,EPWA
02.2019,CASA,MM,EPWA,EPRZ
02.2019,Gulfstream,MM,EPKK,EPWA
02.2019,Gulfstream,MM,EPWA,HESH
02.2019,Gulfstream,MM,HESH,EPWA
02.2019,Śmigłowiec W-3,MM,EPWA,EPSY
02.2019,Śmigłowiec W-3,MM,EPSY,EPWA
03.2019,EMB,MM,EPWA,EPRZ
03.2019,EMB,MM,EPRZ,EPWA
03.2019,EMB,MM,EPWA,EPKT
03.2019,EMB,MM,EPKT,EPWA
03.2019,Gulfstream,MM,EPWA,EPRZ
03.2019,Gulfstream,MM,EPRZ,EPWA
03.2019,EMB,MM,EPWA,LHBP
03.2019,EMB,MM,LHBP,EPWA
03.2019,EMB,MM,EPWA,EPKT
03.2019,EMB,MM,EPKT,EPWA
03.2019,EMB,MM,EPWA,EPKK
03.2019,EMB,MM,EPKK,EPWA
03.2019,EMB,MM,EPWA,EBBR
03.2019,EMB,MM,EBBR,EPWR
03.2019,EMB,MM,EPWR,EPWA
03.2019,Gulfstream,MM,EPWR,EPWA
03.2019,Gulfstream,MM,EPWA,EPGD
03.2019,Gulfstream,MM,EPGD,EPWA
04.2019,EMB,MM,EPWA,EYSA
04.2019,EMB,MM,EYSA,EYPA
04.2019,EMB,MM,EYPA,EPWA
04.2019,EMB,MM,EPWA,EBBR
04.2019,EMB,MM,EBBR,EPWA
04.2019,EMB,MM,EPWA,LDDU
04.2019,EMB,MM,LDDU,EPWA
04.2019,EMB,MM,EPWA,EBBR
04.2019,EMB,MM,EBBR,EPWA
04.2019,Gulfstream,MM,EPWA,KMDW
04.2019,Gulfstream,MM,KMDW,KTEB
04.2019,Gulfstream,MM,KTEB,EPKK
04.2019,CASA,MM,EPKK,EPWA
04.2019,EMB,MM,EPWA,LZIB
04.2019,EMB,MM,LZIB,EPWA
04.2019,EMB,MM,EPWA,EPSC
04.2019,EMB,MM,EPSC,EPWA
04.2019,Gulfstream,MM,EPWA,EPLB
04.2019,Gulfstream,MM,EPLB,EPWA
04.2019,EMB,MM,EPWA,EPPO
04.2019,EMB,MM,EPPO,EPWA
05.2019,Gulfstream,MM,EPWA,EPSC
05.2019,Gulfstream,MM,EPSC,EPWA
05.2019,EMB,MM,EPWA,LRSB
05.2019,EMB,MM,LRSB,EPWA
05.2019,EMB,MM,EPWA,EPBY
05.2019,EMB,MM,EPBY,EPWA
05.2019,EMB,MM,EPWA,EPSC
05.2019,EMB,MM,EPSC,EPLL
05.2019,EMB,MM,EPWA,EBBR
05.2019,EMB,MM,EBBR,EPWA
05.2019,EMB,MM,EPWA,EPKT
05.2019,Gulfstream,MM,EPWA,EPZG
05.2019,Gulfstream,MM,EPZG,EPWA
05.2019,CASA,MM,EPRZ,EPWA
05.2019,EMB,MM,EPWA,EBBR
05.2019,EMB,MM,EBBR,EPWA
05.2019,EMB,MM,EPWA,EPKK
05.2019,EMB,MM,EPKK,EPWA
06.2019,EMB,MM,EPWA,EGHI
06.2019,EMB,MM,EGHI,EPWA
06.2019,EMB,MM,EPWA,EPWR
06.2019,EMB,MM,EPWR,EPWA
06.2019,EMB,MM,EPWA,LHBP
06.2019,EMB,MM,LHBP,EPWA
06.2019,CASA,MM,EPKK,EPWA
06.2019,EMB,MM,EPWA,EPKK
06.2019,EMB,MM,EPWA,LUZ
06.2019,EMB,MM,LUZ,EPWA
06.2019,EMB,MM,EPWA,EBBR
06.2019,EMB,MM,EBBR,EPWA
06.2019,EMB,MM,EPGD,EDDC
06.2019,EMB,MM,EDDC,EPWA
06.2019,Gulfstream,MM,EPWA,EPOK
06.2019,EMB,MM,EPWA,EPSC
06.2019,EMB,MM,EPSC,EPWA
06.2019,EMB,MM,EPWA,EPWR
06.2019,EMB,MM,EPWR,LKPR
06.2019,EMB,MM,LKPR,EPWA
06.2019,EMB,MM,EPWA,EPBY
06.2019,EMB,MM,EPBY,EPWA
06.2019,CASA,MM,EPWA,EPLB
06.2019,CASA,MM,EPLB,EPWA
07.2019,EMB,MM,EPWA,EBBR
07.2019,EMB,MM,EBBR,EPWA
07.2019,EMB,MM,EPWA,EPPO
07.2019,EMB,MM,EPPO,EPKT
07.2019,EMB,MM,EPKT,EPWA
07.2019,EMB,MM,EPKT,EPGD
07.2019,EMB,MM,EPWA,EPKK
07.2019,EMB,MM,EPKK,EPWA
07.2019,EMB,MM,EPWA,EPGD
07.2019,CASA,MM,EPGD,EPWA
07.2019,CASA,MM,EPWA,EPOK
07.2019,CASA,MM,EPOK,EPKT
07.2019,CASA,MM,EPKT,EPOK
07.2019,CASA,MM,EPOK,EPWA
07.2019,EMB,MM,EPWA,EPKK
07.2019,EMB,MM,EPKK,EPWA
07.2019,CASA,MM,EPWA,EPOK
07.2019,CASA,MM,EPOK,EPKT
07.2019,Śmigłowiec W-3,MM,EPWR,EPWC
07.2019,Śmigłowiec W-3,MM,EPWC,EPWR
07.2019,Śmigłowiec W-3,MM,EPWR,EPWA
07.2019,CASA,MM,EPWA,EPOK
07.2019,CASA,MM,EPOK,EPWA
07.2019,EMB,MM,EPWA,EPWR
07.2019,EMB,MM,EPWR,EPWA
07.2019,CASA,MM,EPOK,EPWA
08.2019,Gulfstream,MM,EPWA,EPKT
08.2019,EMB,MM,EPWA,EPKT
08.2019,EMB,MM,EPKT,EPWA
